cle_nature_culture;code_nature_culture;nature_culture;nature_culture_speciale
AB-0;AB;AB;
AB-ALLEE;AB;AB;ALLEE
AB-CHEM;AB;AB;CHEM
AB-PASS;AB;AB;PASS
AB-RUE;AB;AB;RUE
AG-0;AG;AG;
AG-CAMP;AG;AG;CAMP
AG-CHASS;AG;AG;CHASS
AG-ETANG;AG;AG;ETANG
AG-HIST;AG;AG;HIST
AG-IMM;AG;AG;IMM
AG-JARD;AG;AG;JARD
AG-PARC;AG;AG;PARC
AG-SPORT;AG;AG;SPORT
B-0;B;Bois;
B-ACACI;B;Bois;ACACI
B-AULN;B;Bois;AULN
B-BOUL;B;Bois;BOUL
B-BROUS;B;Bois;BROUS
B-CHAT;B;Bois;CHAT
B-CHENE;B;Bois;CHENE
B-CHLIE;B;Bois;CHLIE
B-CHTRU;B;Bois;CHTRU
B-CHVER;B;Bois;CHVER
B-CRYPT;B;Bois;CRYPT
B-EUCAL;B;Bois;EUCAL
B-FILAO;B;Bois;FILAO
B-GAREN;B;Bois;GAREN
B-HETRE;B;Bois;HETRE
B-IMPRO;B;Bois;IMPRO
B-MAQUI;B;Bois;MAQUI
B-NOYER;B;Bois;NOYER
B-PIN;B;Bois;PIN
B-PROTE;B;Bois;PROTE
B-RESIN;B;Bois;RESIN
B-RIVAG;B;Bois;RIVAG
B-SAULE;B;Bois;SAULE
B-TAMAR;B;Bois;TAMAR
BF-0;BF;BF;
BF-CERIS;BF;BF;CERIS
BF-CHAT;BF;BF;CHAT
BF-CHENE;BF;BF;CHENE
BF-CHLIE;BF;BF;CHLIE
BF-CHTRU;BF;BF;CHTRU
BF-EUCAL;BF;BF;EUCAL
BF-HETRE;BF;BF;HETRE
BF-NOYER;BF;BF;NOYER
BF-SAULE;BF;BF;SAULE
BM-0;BM;BM;
BO-0;BO;BO;
BO-JETT;BO;BO;JETT
BP-0;BP;BP;
BP-PIN;BP;BP;PIN
BR-0;BR;BR;
BR-CHEM;BR;BR;CHEM
BR-CHVER;BR;BR;CHVER
BR-EPICE;BR;BR;EPICE
BR-PIN;BR;BR;PIN
BR-RESIN;BR;BR;RESIN
BR-SAPIN;BR;BR;SAPIN
BS-0;BS;BS;
BS-ACACI;BS;BS;ACACI
BS-AULN;BS;BS;AULN
BS-CHAT;BS;BS;CHAT
BS-CHENE;BS;BS;CHENE
BS-HETRE;BS;BS;HETRE
BS-PIN;BS;BS;PIN
BT-0;BT;BT;
BT-ACACI;BT;BT;ACACI
BT-AULN;BT;BT;AULN
BT-BOUL;BT;BT;BOUL
BT-BROUS;BT;BT;BROUS
BT-CERCL;BT;BT;CERCL
BT-CHAT;BT;BT;CHAT
BT-CHEM;BT;BT;CHEM
BT-CHENE;BT;BT;CHENE
BT-CHLIE;BT;BT;CHLIE
BT-CHVER;BT;BT;CHVER
BT-HETRE;BT;BT;HETRE
BT-NOYER;BT;BT;NOYER
BT-PIN;BT;BT;PIN
BT-RESIN;BT;BT;RESIN
BT-SAULE;BT;BT;SAULE
CA-0;CA;CA;
CA-ARGIL;CA;CA;ARGIL
CA-GLAIS;CA;CA;GLAIS
CA-GRAVE;CA;CA;GRAVE
CA-MARN;CA;CA;MARN
CA-PLATR;CA;CA;PLATR
CA-SABLE;CA;CA;SABLE
CA-TOURB;CA;CA;TOURB
CH-0;CH;CH;
CH-CANAL;CH;CH;CANAL
CH-FER;CH;CH;FER
E-0;E;Eaux;
E-BALLA;E;Eaux;BALLA
E-BASS;E;Eaux;BASS
E-BIEF;E;Eaux;BIEF
E-CANAL;E;Eaux;CANAL
E-CHASS;E;Eaux;CHASS
E-CHEM;E;Eaux;CHEM
E-CLAIR;E;Eaux;CLAIR
E-DIGUE;E;Eaux;DIGUE
E-EAU;E;Eaux;EAU
E-ETANG;E;Eaux;ETANG
E-FONT;E;Eaux;FONT
E-FOSSE;E;Eaux;FOSSE
E-HUITR;E;Eaux;HUITR
E-LAC;E;Eaux;LAC
E-LAGUN;E;Eaux;LAGUN
E-MARE;E;Eaux;MARE
E-NPECH;E;Eaux;NPECH
E-PECH;E;Eaux;PECH
E-PECHE;E;Eaux;PECHE
E-RESER;E;Eaux;RESER
E-SALIN;E;Eaux;SALIN
E-VIVIE;E;Eaux;VIVIE
J-0;J;Jardins;
J-CHEM;J;Jardins;CHEM
J-CRESS;J;Jardins;CRESS
J-FAMIL;J;Jardins;FAMIL
J-FLOR;J;Jardins;FLOR
J-HORT;J;Jardins;HORT
J-MARAI;J;Jardins;MARAI
J-MARAM;J;Jardins;MARAM
J-MARNA;J;Jardins;MARNA
J-MOTTE;J;Jardins;MOTTE
J-PEPIN;J;Jardins;PEPIN
J-PIEDS;J;Jardins;PIEDS
J-POTAG;J;Jardins;POTAG
J-SERRE;J;Jardins;SERRE
L-0;L;Landes;
L-AEROD;L;Landes;AEROD
L-AIRE;L;Landes;AIRE
L-ALLEE;L;Landes;ALLEE
L-BROUS;L;Landes;BROUS
L-BRUY;L;Landes;BRUY
L-BUIS;L;Landes;BUIS
L-DUNE;L;Landes;DUNE
L-FALAI;L;Landes;FALAI
L-FOUG;L;Landes;FOUG
L-FRICH;L;Landes;FRICH
L-IMPRO;L;Landes;IMPRO
L-MARAI;L;Landes;MARAI
L-MAREC;L;Landes;MAREC
L-PACAG;L;Landes;PACAG
L-PAFEU;L;Landes;PAFEU
L-PASS;L;Landes;PASS
L-PATIS;L;Landes;PATIS
L-PATUR;L;Landes;PATUR
L-ROC;L;Landes;ROC
L-RUINE;L;Landes;RUINE
L-SABLE;L;Landes;SABLE
L-SART;L;Landes;SART
L-TOUYA;L;Landes;TOUYA
L-VAGUE;L;Landes;VAGUE
LB-0;LB;LB;
LB-TOUYA;LB;LB;TOUYA
P-0;P;Pres;
P-AEROD;P;Pres;AEROD
P-ALLUV;P;Pres;ALLUV
P-CHEM;P;Pres;CHEM
P-HERB;P;Pres;HERB
P-MARAI;P;Pres;MARAI
P-PACAG;P;Pres;PACAG
P-PATUR;P;Pres;PATUR
PA-0;PA;PA;
PA-CHEM;PA;PA;CHEM
PA-MARAI;PA;PA;MARAI
PA-PACAG;PA;PA;PACAG
PA-PATUR;PA;PA;PATUR
PC-0;PC;PC;
PC-PACAG;PC;PC;PACAG
PE-0;PE;PE;
PH-0;PH;PH;
PH-HERB;PH;PH;HERB
PP-0;PP;PP;
PP-HERB;PP;PP;HERB
PP-PATUR;PP;PP;PATUR
S-0;S;Sols;
T-0;T;Terres;
T-ALLUV;T;Terres;ALLUV
T-ASPER;T;Terres;ASPER
T-CHEM;T;Terres;CHEM
T-JOUAL;T;Terres;JOUAL
T-LEGUM;T;Terres;LEGUM
T-PEPIN;T;Terres;PEPIN
T-RIZ;T;Terres;RIZ
T-VIGNE;T;Terres;VIGNE
TP-0;TP;TP;
TP-JOUAL;TP;TP;JOUAL
VE-0;VE;VE;
VE-ABRIC;VE;VE;ABRIC
VE-AMAND;VE;VE;AMAND
VE-BTIGE;VE;VE;BTIGE
VE-CASS;VE;VE;CASS
VE-CERIS;VE;VE;CERIS
VE-CHAT;VE;VE;CHAT
VE-CHTRU;VE;VE;CHTRU
VE-CIDRE;VE;VE;CIDRE
VE-CITRO;VE;VE;CITRO
VE-ESPAL;VE;VE;ESPAL
VE-FAMIL;VE;VE;FAMIL
VE-HAIES;VE;VE;HAIES
VE-HTIGE;VE;VE;HTIGE
VE-INTEN;VE;VE;INTEN
VE-KIWIS;VE;VE;KIWIS
VE-NOISE;VE;VE;NOISE
VE-NOYER;VE;VE;NOYER
VE-OLIVE;VE;VE;OLIVE
VE-ORANG;VE;VE;ORANG
VE-PECHE;VE;VE;PECHE
VE-PLVEN;VE;VE;PLVEN
VE-POIRE;VE;VE;POIRE
VE-POMME;VE;VE;POMME
VE-PRUNE;VE;VE;PRUNE
VI-0;VI;VI;
VI-CERIS;VI;VI;CERIS
VI-CHASS;VI;VI;CHASS
VI-PIEDS;VI;VI;PIEDS
VI-RAIS;VI;VI;RAIS
VI-VAOC;VI;VI;VAOC
VI-VDQS;VI;VI;VDQS
VI-VIGNE;VI;VI;VIGNE
